Name,Detail,Price,Brand,CPU_Type,RAM_GB,SSD_GB
Aorus Elite 16 BWHC3FRC65SP,"PC portable gamer 16"", Intel Core Ultra 9 275HX, RTX 5070, RAM 32 Go, SSD 2x1 To, dalle IPS WQXGA 165 Hz, Windows 11 Pro, AZERTY",649.95,aorus,Intel Core Ultra 9,32,other
Altyk Le PC Portable L16F-I3P16-N05,"PC portable 16"", Intel Core i3-1220P, RAM 16 Go, SSD 480 Go, dalle IPS Full HD+, Windows 11, AZERTY",1049.95,altyk,Intel Core i3,16,480
Asus ExpertBook B1 B1503CVA-S71360X,"PC portable 15.6"", Intel Core i7-13620H, RAM 16 Go, SSD 512 Go, dalle TN Full HD, Windows 11 Pro, AZERTY",2299.95,asus,Intel Core i7,16,512
ASUS ExpertBook B1 B1503CVA-S71361X,"PC portable 15.6"", Intel Core i7-13620H, RAM 32 Go, SSD 512 Go, dalle TN Full HD, Windows 11 Pro, AZERTY",1999.95,asus,Intel Core i7,32,512
Asus ExpertBook B1 B1503CVA-S74764X,"PC portable 15.6"", Intel Core 5 120U, RAM 16 Go, SSD 512 Go, dalle TN Full HD, Windows 11 Pro, AZERTY",749.95,asus,Intel Core i5,16,512
ASUS ExpertBook B3 B3405CVA-LY0299X,"PC portable 14"", Intel Core i7-13620H, RAM 16 Go, SSD 512 Go, dalle TN Full HD+, Windows 11 Pro, AZERTY",749.95,asus,Intel Core i7,16,512
ASUS ExpertBook B3 B3605CVA-MB0196X,"PC portable 16"", Intel Core i5-13420H, RAM 16 Go, SSD 512 Go, dalle TN Full HD+, Windows 11 Pro, AZERTY",819.95,asus,Intel Core i5,16,512
ASUS ExpertBook B3 B3605CVA-MB0197X,"PC portable 16"", Intel Core i7-13620H, RAM 16 Go, SSD 512 Go, dalle TN Full HD+, Windows 11 Pro, AZERTY",899.95,asus,Intel Core i7,16,512
ASUS ExpertBook B3 Flip B3402FVA-EC0164X,"PC portable 14"", Intel Core i5-1335U, RAM 16 Go, SSD 512 Go, dalle IPS Full HD tactile, Windows 11 Pro, AZERTY",1099.95,asus,Intel Core i5,16,512
Asus ExpertBook B5 B5404CMA-Q70062X,"PC portable 14"", Intel Core Ultra 7 155U, RAM 16 Go, SSD 512 Go, dalle TN Full HD+, Windows 11 Pro, AZERTY",969.95,asus,Intel Core Ultra 7,16,512
ASUS ExpertBook B5 B5405CCA-NZ0030X,"PC portable 14"", Intel Core Ultra 5 225H, RAM 16 Go, SSD 512 Go, dalle QHD+, Windows 11 Pro, AZERTY",1169.95,asus,Intel Core Ultra 5,16,512
Asus ExpertBook B5 B5604CMA-QW0034X,"PC portable 16"", Intel Core Ultra 5 125U, RAM 16 Go, SSD 512 Go, dalle Full HD+, Windows 11 Pro, AZERTY",879.95,asus,Intel Core Ultra 5,16,512
ASUS ExpertBook B5 B5605CCA-PL0017X,"PC portable 16"", Intel Core Ultra 5 225H, RAM 16 Go, SSD 512 Go, dalle IPS WQXGA, Windows 11 Pro, AZERTY",1149.95,asus,Intel Core Ultra 5,16,512
ASUS ExpertBook BM1 BM1503CDA-S70021X,"PC portable 15.6"", AMD Ryzen 5 7535U, RAM 16 Go, SSD 512 Go, dalle TN Full HD, Windows 11 Pro, AZERTY",949.95,asus,AMD Ryzen 5,16,512
ASUS ExpertBook BM1 BM1503CDA-S70310X,"PC portable 15.6"", AMD Ryzen 7 7735U, RAM 16 Go, SSD 512 Go, dalle TN Full HD, Windows 11 Pro, AZERTY",1219.95,asus,AMD Ryzen 7,16,512
Asus ExpertBook P1 P1403CVA-S60636X,"PC portable 14"", Intel Core i5-13420H, RAM 16 Go, SSD 512 Go, dalle IPS Full HD, Windows 11 Pro, AZERTY",759.95,asus,Intel Core i5,16,512
Asus ExpertBook P1 P1503CVA-S70687X,"PC portable 15.6"", Intel Core i5-13420H, RAM 16 Go, SSD 512 Go, dalle IPS Full HD, Windows 11 Pro, AZERTY",1199.95,asus,Intel Core i5,16,512
Asus ExpertBook P1 P1503CVA-S70688X,"PC portable 15.6"", Intel Core i7-13620H, RAM 16 Go, SSD 512 Go, dalle IPS Full HD, Windows 11 Pro, AZERTY",999.95,asus,Intel Core i7,16,512
Asus ExpertBook P1 P1503CVA-S70854X,"PC portable 15.6"", Intel Core i3-1315U, RAM 8 Go, SSD 512 Go, dalle IPS Full HD, Windows 11 Pro, AZERTY",599.95,asus,Intel Core i3,8,512
Asus ExpertBook P1403CVA-S60637X,"PC portable 14"", Intel Core i7-13620H, RAM 16 Go, SSD 512 Go, dalle IPS Full HD, Windows 11 Pro, AZERTY",1199.95,asus,Intel Core i7,16,512
ASUS ExpertBook P3 P3405CVA-LY0040X,"PC portable 14"", Intel Core i5-13420H, RAM 16 Go, SSD 512 Go, dalle TN Full HD+, Windows 11 Pro, AZERTY",1249.95,asus,Intel Core i5,16,512
ASUS ExpertBook P3 P3405CVA-LY0041X,"PC portable 14"", Intel Core i7-13620H, RAM 16 Go, SSD 1 To, dalle TN Full HD+, Windows 11 Pro, AZERTY",999.95,asus,Intel Core i7,16,1024
ASUS ExpertBook P3 P3405CVA-LY0258X,"PC portable 14"", Intel Core i7-13620H, RAM 16 Go, SSD 512 Go, dalle TN Full HD+, Windows 11 Pro, AZERTY",1129.95,asus,Intel Core i7,16,512
ASUS ExpertBook P3 P3605CVA-MB0017X,"PC portable 16"", Intel Core i5-13420H, RAM 16 Go, SSD 512 Go, dalle IPS Full HD, Windows 11 Pro, AZERTY",1049.95,asus,Intel Core i5,16,512
ASUS ExpertBook P3 P3605CVA-MB0018X,"PC portable 16"", Intel Core i7-13620H, RAM 16 Go, SSD 1 To, dalle TN Full HD+, Windows 11 Pro, AZERTY",1149.95,asus,Intel Core i7,16,1024
ASUS ExpertBook P3 P3605CVA-MB0168X,"PC portable 16"", Intel Corei7-13620H, RAM 16 Go, SSD 512 Go, dalle TN Full HD+, Windows 11 Pro, AZERTY",1199.95,asus,Intel Core i7,16,512
ASUS ExpertBook P3 PM3406CKA-LY0066X Copilot+ PC,"PC portable 14"", AMD Ryzen AI 7 350, RAM 16 Go, SSD 512 Go, dalle TN Full HD+, Windows 11 Pro, AZERTY",1499.95,asus,AMD Ryzen AI 7,16,512
ASUS ExpertBook P3 PM3406CKA-LY0067X Copilot+ PC,"PC portable 14"", AMD Ryzen AI 7 350, RAM 32 Go, SSD 1 To, dalle TN Full HD+, Windows 11 Pro, AZERTY",1399.95,asus,AMD Ryzen AI 7,32,1024
ASUS ExpertBook P3 PM3406CKA-LY0207X Copilot+ PC,"PC portable 14"", AMD Ryzen AI 5 330, RAM 16 Go, SSD 512 Go, dalle TN Full HD+, Windows 11 Pro, AZERTY",1229.95,asus,AMD Ryzen AI 5,16,512
ASUS ExpertBook P3 PM3406CKA-LY0439X Copilot+ PC,"PC portable 14"", AMD Ryzen AI 7 350, RAM 64 Go, SSD 1 To, dalle TN Full HD+, Windows 11 Pro, AZERTY",1349.95,asus,AMD Ryzen AI 7,64,1024
ASUS ExpertBook P3 PM3606CKA-MB0034X Copilot+ PC,"PC portable 14"", AMD Ryzen AI 7 350, RAM 16 Go, SSD 512 Go, dalle TN Full HD+, Windows 11 Pro, AZERTY",969.95,asus,AMD Ryzen AI 7,16,512
ASUS ExpertBook P3 PM3606CKA-MB0035X Copilot+ PC,"PC portable 16"", AMD Ryzen AI 7 350, RAM 32 Go, SSD 1 To, dalle TN Full HD+, Windows 11 Pro, AZERTY",1049.95,asus,AMD Ryzen AI 7,32,1024
ASUS ExpertBook P3 PM3606CKA-MB0133X Copilot+ PC,"PC portable 14"", AMD Ryzen AI 5 330, RAM 16 Go, SSD 512 Go, dalle TN Full HD+, Windows 11 Pro, AZERTY",899.95,asus,AMD Ryzen AI 5,16,512
ASUS ExpertBook P3 PM3606CKA-MB0306X Copilot+ PC,"PC portable 16"", AMD Ryzen AI 7 350, RAM 64 Go, SSD 1 To, dalle TN Full HD+, Windows 11 Pro, AZERTY",999.95,asus,AMD Ryzen AI 7,64,1024
Asus ExpertBook P5 Copilot+ PC P5405CSA-NZ0038X,"PC portable 14"", Intel Core Ultra 7 258V, RAM 32 Go, SSD 1 To, dalle IPS WQXGA, Windows 11 Pro, AZERTY",649.95,asus,Intel Core Ultra 7,32,1024
Asus ProArt P16 OLED H7606WM-SC065X,"PC portable 16"", AMD Ryzen AI 9 HX 370, RTX 5060, RAM 32 Go, SSD 1 To, dalle OLED tactile Ultra HD+, Windows 11 Pro, AZERTY",1049.95,asus,AMD Ryzen AI 9,32,1024
Asus ProArt P16 OLED H7606WP-SC142W,"PC portable 16"", AMD Ryzen AI 9 HX 370, RTX 5070, RAM 64 Go, SSD 2 To, dalle OLED tactile Ultra HD+, Windows 11, AZERTY",1199.95,asus,AMD Ryzen AI 9,64,2048
Asus ROG Strix SCAR 18 G835LX-SA012W,"PC portable gamer 18"", Intel Core Ultra 9 275HX, RTX 5090, RAM 64 Go, SSD 4 To, dalle Mini-LED QHD+ 240 Hz, Windows 11, AZERTY",1599.95,asus,Intel Core Ultra 9,64,4096
Asus ROG Strix SCAR 18 G835LX-SA038W,"PC portable gamer 18"", Intel Core Ultra 9 275HX, RTX 5090, RAM 64 Go, SSD 4 To (2 x 2 To), dalle Mini-LED QHD+ 240 Hz, Windows 11, AZERTY",2749.95,asus,Intel Core Ultra 9,64,4096
Asus ROG Strix SCAR 18 G835LX-SA083W,"PC portable gamer 18"", Intel Core Ultra 9 275HX, RTX 5090, RAM 64 Go, SSD 2 To, dalle Mini-LED QHD+ 240 Hz, Windows 11, AZERTY",2999.95,asus,Intel Core Ultra 9,64,2048
ASUS ROG Zephyrus Duo 16 GX650RS-004W,"PC portable 2-en-1 16"", AMD Ryzen 9 6980HX, RTX 3080, RAM 32 Go, SSD 1 To, dalle IPS tactile QHD+ 165 Hz, Windows 11, AZERTY",2499.95,asus,AMD Ryzen 9,32,1024
Asus ROG Zephyrus G16 GU605CM-DR7W,"PC portable gamer 16"", Intel Core Ultra 9 285H, RTX 5060, RAM 32 Go, SSD 1 To, dalle OLED WQXGA 240 Hz, Windows 11, AZERTY",2349.95,asus,Intel Core Ultra 9,32,1024
Asus ROG Zephyrus G16 GU605CX-DR4W,"PC portable gamer 16"", Intel Core Ultra 9 285H, RTX 5090, RAM 64 Go, SSD 2 To, dalle OLED WQXGA 240 Hz, Windows 11, AZERTY",2549.95,asus,Intel Core Ultra 9,64,2048
Asus TUF Gaming A16 608UP-QT070W,"PC portable gamer 16"", AMD Ryzen 7 260, RTX 5070, RAM 32 Go, SSD 1 To, dalle IPS WQXGA 165 Hz, Windows 11, AZERTY",1999.95,asus,AMD Ryzen 7,32,1024
Asus TUF Gaming A16 TUF608UP-RV097W,"PC portable gamer 16"", AMD Ryzen 7 260, RTX 5070, RAM 32 Go, SSD 1 To, dalle IPS WUXGA 165 Hz, Windows 11, AZERTY",2099.95,asus,AMD Ryzen 7,32,1024
Asus TUF Gaming A16 TUF608UP-RV120,"PC portable gamer 16"", AMD Ryzen 7 260, RTX 5070, RAM 16 Go, SSD 512 Go, dalle IPS Full HD+ 165 Hz, Sans OS, AZERTY",2899.95,asus,AMD Ryzen 7,16,512
Asus TUF Gaming A17 TUF707NVR-HX020,"PC portable gamer 17.3"", AMD Ryzen 7 7435HS, RTX 4060, RAM 16 Go, SSD 512 Go, dalle IPS Full HD 144 Hz, Sans OS, AZERTY",3499.95,asus,AMD Ryzen 7,16,512
Asus TUF Gaming A18 808UH-S8010W,"PC portable gamer 18"", AMD Ryzen 7 260, RTX 5050, RAM 32 Go, SSD 1 To, dalle IPS Full HD+ 144 Hz, Windows 11, AZERTY",2199.95,asus,AMD Ryzen 7,32,1024
Asus TUF Gaming A18 808UH-S8081W,"PC portable gamer 18"", AMD Ryzen 7 260, RTX 5050, RAM 32 Go, SSD 1 To, dalle IPS Full HD+ 144 Hz, Windows 11, AZERTY",3899.95,asus,AMD Ryzen 7,32,1024
Asus TUF Gaming A18 808UM-S8077W,"PC portable gamer 18"", AMD Ryzen 7 260, RTX 5060, RAM 16 Go, SSD 1 To, dalle IPS Full HD+ 144 Hz, Windows 11, AZERTY",4299.95,asus,AMD Ryzen 7,16,1024
Asus TUF Gaming A18 808UP-S9059W,"PC portable gamer 18"", AMD Ryzen 7 260, RTX 5070, RAM 32 Go, SSD 1 To, dalle IPS QHD+ 144 Hz, Windows 11, AZERTY",4799.95,asus,AMD Ryzen 7,32,1024
Asus TUF Gaming A18 808UP-S9077X,"PC portable gamer 18"", AMD Ryzen 7 260, RTX 5070, RAM 32 Go, SSD 1 To, dalle IPS QHD+ 144 Hz, Windows 11 Pro, AZERTY",4599.95,asus,AMD Ryzen 7,32,1024
Asus TUF Gaming F16 608JH-RV086X,"PC portable gamer, 16"", Intel Core i5-13450HX, RTX 5050, RAM 16 Go, SSD 512 Go, dalle IPS Full HD+ 165 Hz, Windows 11 Pro, AZERTY",4799.95,asus,Intel Core i5,16,512
Asus TUF Gaming F16 608JMR-QT084X,"PC portable gamer 16"", Intel Core i7-14650HX, RTX 5060, RAM 32 Go, SSD 1 To, dalle IPS WQXGA 165 Hz, Windows 11 Pro, AZERTY",5999.95,asus,Intel Core i7,32,1024
Asus V16 V3607VH-RP039X,"PC portable, 16"", IPS, 1920 x 1200 (Full HD+), 16:10, 144 Hz, Core 7 240H, GeForce RTX 5050, RAM 16 Go, SSD 1 To, Windows 11 Pro, 1,95 kg, Clavier AZERTY Français",5999.95,asus,Intel Core i7,16,1024
ASUS V16 V3607VH-RP075,"PC portable 16"", Intel Core 5-210H, GeForce RTX 5050, RAM 16 Go, SSD 512 Go, dalle IPS Full HD+ 144 Hz, Sans OS, AZERTY",5699.95,asus,Intel Core i5,16,512
ASUS V16 V3607VH-RP091W,"PC portable 16"", Intel Core 5 210H, GeForce RTX 5050, RAM 16 Go, SSD 512 Go, dalle IPS Full HD+ 144 Hz, Windows 11, AZERTY",3599.99,asus,Intel Core i5,16,512
ASUS V16 V3607VM-PL076X,"PC portable gamer 16"", Intel Core 7 240H, RTX 5060, RAM 32 Go, SSD 1 To, dalle IPS QHD 144 Hz, Windows 11 Pro, AZERTY",2999.95,asus,Intel Core i7,32,1024
ASUS V16 V3607VM-RP080W,"PC portable gamer 16"", Intel Core 7 240H, RTX 5060, RAM 32 Go, SSD 1 To, dalle IPS Full HD 144 Hz, Windows 11, AZERTY",5699.95,asus,Intel Core i7,32,1024
ASUS V16 V3607VP-RP037WS,"PC portable gamer 16"", Intel Core 7 240H, RTX 5070, RAM 32 Go, SSD 1 To, dalle IPS Full HD 144 Hz, Windows 11, AZERTY",2249.95,asus,Intel Core i7,32,1024
Asus VivoBook 14 X1404VA-EB1146W,"PC portable 14"", Intel Core 5 120U, RAM 16 Go, SSD 512 Go, dalle IPS Full HD, Windows 11, AZERTY",1749.95,asus,Intel Core i5,16,512
Asus VivoBook 14 X1404VA-EB277W,"PC portable 14"", Intel Core 5 120U, RAM 8 Go, SSD 512 Go, dalle IPS Full HD, Windows 11, AZERTY",1499.95,asus,Intel Core i5,8,512
Asus VivoBook 14 Flip OLED Copilot+ PC TP3407SA-QL060X,"PC portable 14"", Intel Core Ultra 7 258V, RAM 32 Go, SSD 1 To, dalle tactile OLED Full HD+, Windows 11 Pro, AZERTY",1149.95,asus,Intel Core Ultra 7,32,1024
Asus VivoBook 14 Flip OLED Copilot+ PC TP3407SA-QL118X,"PC portable 14"", Intel Core Ultra 7 258V, RAM 16 Go, SSD 512 Go, dalle OLED tactile Full HD+, Windows 11 Pro, AZERTY",1699.95,asus,Intel Core Ultra 7,16,512
Asus Vivobook 14 S1407KA-LY054W Copilot+ PC,"PC portable 14"", AMD Ryzen AI 7 350, RAM 16 Go, SSD 512 Go, dalle IPS Full HD+, Windows 11, AZERTY",1699.95,asus,AMD Ryzen AI 7,16,512
Asus Vivobook 14 S1407QA Copilot+ PC,"PC portable 14"", Snapdragon X X1-26-100, RAM 16 Go, SSD 512 Go, dalle IPS Full HD+, Windows 11, AZERTY",1599.95,asus,Other,16,512
Asus VivoBook 14 X1404VA-NK284W,"PC portable 14"", Intel Core 5 120U, RAM 16 Go, SSD 1 To, dalle IPS Full HD, Windows 11, AZERTY",2299.95,asus,Intel Core i5,16,1024
Asus Vivobook 14 X1405VA-LY351W,"PC portable 14"", Intel Core 7 150U, RAM 16 Go, SSD 1 To, dalle IPS Full HD+, Windows 11, AZERTY",2199.95,asus,Intel Core i7,16,1024
Asus Vivobook 15 OLED S1505VA-L1535W,"PC portable 15.6"", Intel Core i7-1355U, RAM 16 Go, SSD 512 Go, dalle OLED Full HD, Windows 11, AZERTY",1549.95,asus,Intel Core i7,16,512
Asus Vivobook 15 S1504VA-NJ2342,"PC portable 15.6"", Intel Core i3-1315U, RAM 16 Go, SSD 512 Go, dalle TN Full HD, Sans OS, AZERTY",649.95,asus,Intel Core i3,16,512
Asus Vivobook 15 X1504VA-BQ2875W,"PC portable 15.6"", Intel Core 5 120U, RAM 16 Go, SSD 512 Go, dalle IPS Full HD, Windows 11, AZERTY",1049.95,asus,Intel Core i5,16,512
Asus Vivobook 15 X1504VA-BQ2888W,"PC portable 15.6"", Intel Core 5 120U, RAM 8 Go, SSD 512 Go, dalle IPS Full HD, Windows 11, AZERTY",1199.95,asus,Intel Core i5,8,512
Asus Vivobook 17 P1704VA-AU908X,"PC portable 17.3"", Intel Core 7 150U, RAM 16 Go, SSD 512 Go, dalle IPS Full HD, Windows 11 Pro, AZERTY",549.95,asus,Intel Core i7,16,512
Asus Vivobook 17 P1704VA-AU909X,"PC portable 17.3"", Intel Core 7 150U, RAM 24 Go, SSD 1 To, Windows 11 Pro, AZERTY",649.95,asus,Intel Core i7,24,1024
Asus Vivobook 17 X1704VA-AU674W,"PC portable 17.3"", Intel Core i3-1315U, RAM 8 Go, SSD 512 Go, dalle IPS Full HD, Windows 11, AZERTY",599.95,asus,Intel Core i3,8,512
Asus Vivobook 17 X1704VA-AU750W,"PC portable 17.3"", Intel Core i7-1355U, RAM 24 Go, SSD 1 To, dalle IPS Full HD, Windows 11, AZERTY",649.95,asus,Intel Core i7,24,1024
Asus Vivobook 17 X1704VA-AU808W,"PC portable 17.3"", Intel Core 5-120U, RAM 16 Go, SSD 512 Go, dalle IPS Full HD, Windows 11, AZERTY",499.95,asus,Intel Core i5,16,512
Asus Vivobook 18 M1807HA-S8028X,"PC portable 18"", AMD Ryzen 7 260, RAM 16 Go, SSD 512 Go, dalle IPS Full HD+ 144 Hz, Windows 11, AZERTY",629.95,asus,AMD Ryzen 7,16,512
Asus Vivobook 18 M1807HA-S8076X,"PC portable 18"", AMD Ryzen 7 260, RAM 32 Go, SSD 1 To, dalle IPS Full HD+ 144 Hz, Windows 11 Pro, AZERTY",749.95,asus,AMD Ryzen 7,32,1024
Asus Vivobook 18 M1807HA-S8116W,"PC portable 18"", AMD Ryzen 7 260, RAM 32 Go, SSD 1 To, dalle IPS Full HD+ 144 Hz, Windows 11, 2,60 kg, AZERTY",879.95,asus,AMD Ryzen 7,32,1024
Asus Vivobook Go 15 P1504FA-BQ2443X,"PC portable 15.6"", AMD Ryzen 5 7520U, RAM 16 Go, SSD 512 Go, dalle TN Full HD, Windows 11 Pro, AZERTY",1999.95,asus,AMD Ryzen 5,16,512
Asus Vivobook Pro 15 OLED N6506CU-MA001X,"PC portable 15.6"", Intel Core Ultra 7 255H, RTX 4050, RAM 24 Go, SSD 1 To, dalle OLED WQXGA+ 120 Hz, Windows 11 Pro, AZERTY",949.95,asus,Intel Core Ultra 7,24,1024
Asus Vivobook S 14 OLED M5406UA-QD093X,"PC portable 14"", AMD Ryzen 7 8845HS, RAM 16 Go, SSD 1 To, dalle OLED Full HD+, Windows 11 Pro, AZERTY",879.95,asus,AMD Ryzen 7,16,1024
Asus Vivobook S 14 OLED M5406WA-PP068X,"PC portable 14"", AMD Ryzen AI 9 365, RAM 24 Go, SSD 1 To, dalle OLED WQXGA+ 120 Hz, Windows 11 Pro, AZERTY",949.95,asus,AMD Ryzen AI 9,24,1024
Asus Vivobook S 14 OLED S5406KA-QD037W,"PC portable 14"", AMD Ryzen AI 7 350, RAM 16 Go, SSD 1 To, dalle OLED Full HD+, Windows 11, AZERTY",599.95,asus,AMD Ryzen AI 7,16,1024
Asus Vivobook S 14 OLED S5406KA-QD109W,"PC portable 14"", AMD Ryzen AI 5 340, RAM 16 Go, SSD 512 Go, dalle OLED Full HD+, Windows 11, AZERTY",899.95,asus,AMD Ryzen AI 5,16,512
Asus Vivobook S 14 OLED S5406MA-QD020W,"PC portable 14"", Intel Core Ultra 7 155H, RAM 16 Go, SSD 1 To, dalle OLED Full HD+, Windows 11, AZERTY",749.95,asus,Intel Core Ultra 7,16,1024
Asus Vivobook S 14 OLED S5406NA-QD082W,"PC portable 14"", AMD Ryzen 5 7535HS, RAM 16 Go, SSD 512 Go, dalle OLED Full HD+, Windows 11, AZERTY",799.95,asus,AMD Ryzen 5,16,512
Asus Vivobook S 14 OLED S5406SA-QD004W,"PC portable 14"", Intel Core Ultra 5 226V, RAM 16 Go, SSD 512 Go, dalle OLED Full HD+, Windows 11, AZERTY",849.95,asus,Intel Core Ultra 5,16,512
Asus Vivobook S 14 OLED S5406UA-PP003W,"PC portable 14"", AMD Ryzen 7 8845H, RAM 16 Go, SSD 1 To, dalle OLED WQXGA+ 120 Hz, Windows 11, AZERTY",999.95,asus,AMD Ryzen 7,16,1024
Asus Vivobook S 15 Copilot+ PC S5507QA-MA007W,"PC portable 15.6"", Snapdragon X Plus X1P-42-100, RAM 16 Go, SSD 1 To, dalle OLED WQHD+ 120 Hz, Windows 11, AZERTY",649.95,asus,Other,16,1024
Asus Vivobook S 15 Copilot+ PC S5507QA-MA064X,"PC portable 15.6"", Snapdragon Elite X1E-78-100, RAM 32 Go, SSD 1 To, dalle OLED WQHD+ 120 Hz, Windows 11 Pro, AZERTY",1099.95,asus,Other,32,1024
Asus Vivobook S 15 OLED Copilot+ PC S5507QA-MA006W,"PC portable 15.6"", Snapdragon X Elite X1E-78-100, RAM 16 Go, SSD 1 To, dalle OLED WQHD+ 120 Hz, Windows 11, AZERTY",759.95,asus,Other,16,1024
Asus Vivobook S 15 OLED Copilot+ PC S5507QA-MA038X,"PC portable 15.6"", Snapdragon X Plus X1P-42-100, RAM 16 Go, SSD 512 Go, dalle OLED WQHD+ 120 Hz, Windows 11 Pro, AZERTY",1099.95,asus,Other,16,512
ASUS Vivobook S14 M3407KA-SF012W,"PC portable 14"", AMD Ryzen 5 330, RAM 16 Go, SSD 512 Go, dalle OLED Full HD+, Windows 11, AZERTY",1399.95,asus,AMD Ryzen 5,16,512
Asus Vivobook S14 S3407CA-LY048W,"PC portable 14"", Intel Core Ultra 7 255H, RAM 16 Go, SSD 512 Go, dalle IPS Full HD+, Windows 11, AZERTY",1399.95,asus,Intel Core Ultra 7,16,512
ASUS Vivobook S16 OLED M3607KA-SH026W,"PC portable 16"", AMD Ryzen AI 7 350, RAM 32 Go, SSD 512 Go, dalle OLED Full HD+, Windows 11, AZERTY",749.95,asus,AMD Ryzen AI 7,32,512
ASUS Vivobook S16 OLED M3607KA-SH074X,"PC portable 16"", AMD Ryzen AI 5 330, RAM 32 Go, SSD 512 Go, dalle OLED Full HD+, Windows 11 Pro, AZERTY",1899.95,asus,AMD Ryzen AI 5,32,512
ASUS Vivobook S16 OLED M5606KA-SH166X,"PC portable 16"", AMD Ryzen AI 7 350, RAM 32 Go, SSD 1 To, dalle OLED Full HD+, Windows 11 Pro, AZERTY",1079.95,asus,AMD Ryzen AI 7,32,1024
Asus Vivobook S16 OLED S5606CA-RI048X,"PC portable 16"", Intel Core Ultra 7 255H, RAM 32 Go, SSD 1 To, dalle OLED WQXGA+ 120 Hz, Windows 11 Pro, AZERTY",1499.95,asus,Intel Core Ultra 7,32,1024
Asus Vivobook S16 OLED S5606WA-MX116W,"PC portable 16"", AMD Ryzen AI 9 HX 370, RAM 32 Go, SSD 1 To, dalle OLED WQXGA+ 120 Hz, Windows 11, AZERTY",1299.95,asus,AMD Ryzen AI 9,32,1024
Asus Zenbook 14 OLED UM3406KA-QD016W,"PC portable 14"", AMD Ryzen AI 5 340, RAM 16 Go, SSD 512 Go, dalle OLED Full HD+, Windows 11, AZERTY",999.95,asus,AMD Ryzen AI 5,16,512
Asus Zenbook 14 OLED UM3406KA-QD075W,"PC portable 14"", AMD Ryzen AI 7 350, RAM 16 Go, SSD 512 Go, dalle OLED Full HD+, Windows 11, AZERTY",1399.95,asus,AMD Ryzen AI 7,16,512
Asus Zenbook 14 OLED UM3406KA-QD172W,"PC portable 14"", AMD Ryzen AI 7 350, RAM 32 Go, SSD 1 To, dalle OLED Full HD+, Windows 11, AZERTY",949.95,asus,AMD Ryzen AI 7,32,1024
Asus Zenbook 14 OLED UM3406KA-QD280X,"PC portable 14"", AMD Ryzen AI 7 350, RAM 16 Go, SSD 512 Go, dalle OLED Full HD+, Windows 11 Pro, AZERTY",649.95,asus,AMD Ryzen AI 7,16,512
Asus Zenbook 14 OLED UM3406KA-QD281X,"PC portable 14"", AMD Ryzen AI 7 350, RAM 32 Go, SSD 512 Go, dalle OLED Full HD+, Windows 11 Pro, AZERTY",1049.95,asus,AMD Ryzen AI 7,32,512
Asus Zenbook 14 OLED UX3405CA-PP285X,"PC portable 14"", Intel Core Ultra 9 285H, RAM 32 Go, SSD 1 To, dalle OLED WQXGA+ 120 Hz, Windows 11, AZERTY",1199.95,asus,Intel Core Ultra 9,32,1024
Asus Zenbook S 16 OLED UM5606WA-RK084X,"PC portable 16"", AMD Ryzen AI 9 HX 370, RAM 32 Go, SSD 1 To, dalle OLED WQXGA+ 120 Hz, Windows 11 Pro, AZERTY",1199.95,asus,AMD Ryzen AI 9,32,1024
Asus Vivobook 17 P1704VA-AU766X,"Bureautique, 17.3"", IPS, Full HD, 60 Hz, Core i3-1315U, RAM 8 Go, SSD 512 Go, Windows 11 Professionnel, 2,10 kg, Clavier AZERTY Français",1349.95,asus,Intel Core i3,8,512
Asus ROG Zephyrus G14 GA403WW-DR8W,"PC portable gamer 14"", AMD Ryzen AI 9 HX 370, RTX 5080, RAM 64 Go, SSD 1 To, dalle OLED WQXGA+ 120 Hz, Windows 11, AZERTY",1729.95,asus,AMD Ryzen AI 9,64,1024
ASUS Vivobook S16 OLED S3607CA-PRO-OLED-SH3X,"PC portable 16"", Intel Core Ultra 5 225H, RAM 16 Go, SSD 512 Go, dalle OLED Full HD+, Windows 11 Pro, AZERTY",1699.95,asus,Intel Core Ultra 5,16,512
ASUS ExpertBook BM1 BM1503CDA-S70020X,"PC portable 15.6"", AMD Ryzen 5 7535U, RAM 8 Go, SSD 256 Go, dalle TN Full HD, Windows 11 Pro, AZERTY",1299.95,asus,AMD Ryzen 5,8,256
Asus ProArt P16 OLED H7606WM-SC054W,"PC portable 16"", AMD Ryzen AI 9 HX 370, RTX 5060, RAM 32 Go, SSD 1 To, dalle OLED tactile Ultra HD+, Windows 11, AZERTY",1299.95,asus,AMD Ryzen AI 9,32,1024
Asus ProArt P16 OLED H7606WP-SC121X,"PC portable 16"", AMD Ryzen AI 9 HX 370, RTX 5070, RAM 64 Go, SSD 2 To, dalle OLED tactile Ultra HD+, Windows 11 Pro, AZERTY",1199.95,asus,AMD Ryzen AI 9,64,2048
Asus ROG Strix G18 G814FP-S9035W,"PC portable gamer 18"", AMD Ryzen 9 9955 HX, RTX 5070, RAM 32 Go, SSD 1 To, dalle IPS QHD+ 240 Hz, Windows 11, AZERTY",1599.95,asus,AMD Ryzen 9,32,1024
Asus ROG Strix G18 G815LP-S9058W,"PC portable gamer 18"", Intel Core Ultra 9 275 HX, RTX 5070, RAM 32 Go, SSD 1 To, dalle IPS QHD+ 240 Hz, Windows 11, AZERTY",2499.95,asus,Intel Core Ultra 9,32,1024
Asus ROG Strix SCAR 16 G635LX-DRW113W,"PC portable gamer 16"", Intel Core Ultra 9 275HX, RTX 5090, RAM 64 Go, SSD 2 To, dalle Mini-LED QHD+ 240 Hz, Windows 11, AZERTY",2299.95,asus,Intel Core Ultra 9,64,2048
Asus ROG STRIX SCAR 18 G835LX-DRSA082W,"PC portable gamer 18"", Intel Core Ultra 9 275HX, RTX 5090, RAM 64 Go, SSD 4 To, dalle Mini-LED QHD+ 240 Hz, Windows 11, AZERTY",2299.95,asus,Intel Core Ultra 9,64,4096
Asus ROG Zephyrus G14 GA403WM-QS047X,"PC portable gamer 14"", AMD Ryzen AI 9 HX 370, RTX 5060, RAM 32 Go, SSD 1 To, dalle OLED WQXGA+ 120 Hz, Windows 11 Pro, AZERTY",1999.95,asus,AMD Ryzen AI 9,32,1024
Asus Vivobook 15 S1504VA-NJ2346,"PC portable 15.6"", Intel Core i5-1334U, RAM 16 Go, SSD 512 Go, dalle TN Full HD, Sans OS, AZERTY",1499.95,asus,Intel Core i5,16,512
Asus VivoBook 16 Flip OLED Copilot+ PC TP3607SA-RJ081X,"PC portable 16"", Intel Core Ultra 7 258V, RAM 16 Go, SSD 512 Go, dalle OLED tactile WQXGA+ 120 Hz, Windows 11 Pro, AZERTY",1799.95,asus,Intel Core Ultra 7,16,512
Asus Vivobook 16 P1605VA-SH2312X,"PC portable 16"", Intel Core i7-13620H, RAM 16 Go, SSD 1 To, dalle Oled FHD+ 144 Hz, Windows 11 Pro, AZERTY",1499.95,asus,Intel Core i7,16,1024
Asus Vivobook Go 15 S1504GA-NJ875W,"PC portable 15.6"", Intel Core i3-N305, RAM 8 Go, SSD 256 Go, dalle IPS Full HD, Windows 11 en mode S, AZERTY",1999.95,asus,Intel Core i3,8,256
Acer Aspire 17 A17-51M-50E6,"PC portable 17"", Intel Core i5-1334U, RAM 16 Go, SSD 512 Go, dalle IPS Full HD, Windows 11, AZERTY",1999.95,acer,Intel Core i5,16,512
Acer Aspire 17 A17-51M-71LP,"PC portable 17"", Intel Core 7-150U, RAM 16 Go, SSD 512 Go, dalle IPS Full HD, Windows 11, AZERTY",649.95,acer,Intel Core i7,16,512
Acer Aspire 17 A17-51M-72TJ,"PC portable 17"", Intel Core i7-13620H, RAM 16 Go, SSD 1 To, dalle IPS Full HD, Windows 11, AZERTY",4299.95,acer,Intel Core i7,16,1024
Acer Aspire Go 15 AG15-71P-5730,"PC portable 15.6"", Intel Core i5-1334U, RAM 8 Go, SSD 512 Go, Windows 11, dalle TN Full HD, AZERTY",1199.95,acer,Intel Core i5,8,512
Acer Aspire Go 15 AG15-71P-59NM,"PC portable 15.6"", Intel Core i5-1334U, RAM 32 Go, SSD 1 To, Windows 11, dalle TN Full HD, AZERTY",929.95,acer,Intel Core i5,32,1024
Acer Aspire Go 15 AG15-72P-32YM,"PC portable 15.6"", Intel Core i3-1305U, RAM 16 Go, SSD 512 Go, Windows 11, dalle TN Full HD, AZERTY",2599.95,acer,Intel Core i3,16,512
Acer Extensa EX215-57-53NW,"PC portable 15.6"", Intel Core i5-1334U, RAM 8 Go, SSD 512 Go, Windows 11 Pro, dalle IPS Full HD, AZERTY",3299.95,acer,Intel Core i5,8,512
Acer NITRO 18 AI AN18-61-R6MB Copilot+ PC,"PC portable gamer 18"", AMD Ryzen AI 7 350, RTX 5070, RAM 32 Go, SSD 1 To, Windows 11, dalle IPS QHD+ 165 Hz, AZERTY",2899.95,acer,AMD Ryzen AI 7,32,1024
Acer Nitro V 15 ANV15-52-91DU,"PC portable gamer 15.6"", Intel Core i9-13900H, RTX 5060, RAM 32 Go, SSD 1 To, Windows 11, dalle IPS Full HD 165 Hz, AZERTY",2799.95,acer,Intel Core i9,32,1024
Acer NITRO V 16 AI ANV16-42-R7B0,"PC portable gamer 15.6"", AMD Ryzen 7 260, RTX 5070, RAM 32 Go, SSD 1 To, Windows 11, dalle IPS Full HD 165 Hz, AZERTY",5399.95,acer,AMD Ryzen 7,32,1024
Acer Nitro V 17 AI ANV17-41-R6YK,"PC portable gamer 17.3"", AMD Ryzen 7 260, RTX 5070, RAM 16 Go, SSD 1 To, Windows 11, dalle IPS Full HD 144 Hz, AZERTY",6099.95,acer,AMD Ryzen 7,16,1024
Acer Predator Helios 18 AI PH18-73-91FQ,"PC portable gamer, 18"", Mini-LED, 2560 x 1600 (QHD+), 16:10, 250 Hz, Core Ultra 9 275HX, RTX 5080, RAM 64 Go, SSD 1 To, Windows 11, 3,50 kg, Clavier AZERTY Français",2499.95,acer,Intel Core Ultra 9,64,1024
Acer Predator Helios 18 AI PH18-73-9498,"PC portable gamer 18"", Intel Core Ultra 9 275HX, RTX 5090, RAM 128 Go, SSD 3 To, Windows 11, dalle Mini-LED UHD+ 120 Hz, AZERTY",629.95,acer,Intel Core Ultra 9,128,3072
Acer Predator Helios 18 AI PH18-73-98VA,"PC portable gamer 18"", Intel Core Ultra 9 275HX, RTX 5090, RAM 64 Go, SSD 1 To, Windows 11, dalle Mini-LED UHD+ 120 Hz, AZERTY",1499.95,acer,Intel Core Ultra 9,64,1024
Acer Predator Helios Neo 16 PHN16-73-99SJ,"PC portable gamer 16"", Intel Core Ultra 9 275HX, RTX 5070, RAM 64 Go, SSD 2 To, Windows 11, dalle IPS QHD+ 240 Hz, AZERTY",1099.95,acer,Intel Core Ultra 9,64,2048
Acer Swift 14 IA SF14-51-577B Copilot+ PC,"PC portable 14"", Intel Core Ultra 5 226V, RAM 16 Go, SSD 512 Go, Windows 11, dalle OLED WQXGA+ 90 Hz, AZERTY",499.95,acer,Intel Core Ultra 5,16,512
Acer Predator Helios Neo 18 AI PHN18-72-977B,"PC portable gamer 18"", Intel Core Ultra 9 275HX, RTX 5070, RAM 32 Go, SSD 1 To, Windows 11, dalle IPS QHD+ 240 Hz, AZERTY",649.95,acer,Intel Core Ultra 9,32,1024
Acer Predator Helios Neo 18 AI PHN18-72-980V,"PC portable gamer 18"", Intel Core Ultra 9 275HX, RTX 5070 Ti, RAM 64 Go, SSD 2 To, Windows 11, dalle IPS QHD+ 240 Hz, AZERTY",1049.95,acer,Intel Core Ultra 9,64,2048
"Apple MacBook Air M2 13"" (2022) Gris sidéral (MLXX3FN/A)","MacBook 13.6"", Apple M2 (CPU 8 coeurs / GPU-10 coeurs), RAM 8 Go, SSD 256 Go, Mac OS Monterey, AZERTY",1199.95,apple,Apple M2,8,256
"Apple MacBook Air M4 13"" (2025) Argent 16Go/256 Go (MW0W3FN/A)","MacBook 13.6"", M4 (CPU 10 coeurs / GPU 8 coeurs), RAM 16 Go, SSD 256 Go, Mac OS Sequoia, AZERTY",2299.95,apple,Apple M4,16,256
"Apple MacBook Air M4 13"" (2025) Argent 16Go/512 Go (MW0X3FN/A)","MacBook 13.6"", Apple M4 (CPU 10 coeurs / GPU 10 coeurs), RAM 16 Go, SSD 512 Go, Mac OS Sequoia, AZERTY",2699.95,apple,Apple M4,16,512
"Apple MacBook Air M4 13"" (2025) Bleu ciel 16Go/256 Go (MC6T4FN/A)","MacBook 13.6"", Apple M4 (CPU 10 coeurs / GPU 8 coeurs), RAM 16 Go, SSD 256 Go, Mac OS Sequoia, AZERTY",849.0,apple,Apple M4,16,256
"Apple MacBook Air M4 13"" (2025) Bleu ciel 16Go/512 Go (MC6U4FN/A)","MacBook 13.6"", Apple M4 (CPU 10 coeurs / GPU 10 coeurs), RAM 16 Go, SSD 512 Go, Mac OS Sequoia, AZERTY",1079.0,apple,Apple M4,16,512
"Apple MacBook Air M4 13"" (2025) Bleu ciel 24Go/512 Go (MC6V4FN/A)","MacBook 13.6"", Apple M4 (CPU 10 coeurs / GPU 10 coeurs), RAM 24 Go, SSD 512 Go, Mac OS Sequoia, AZERTY",1399.0,apple,Apple M4,24,512
"Apple MacBook Air M4 13"" (2025) Lumière stellaire 16Go/256 Go (MW0Y3FN/A)","MacBook 13.6"", Apple M4 (CPU 10 coeurs / GPU 8 coeurs), RAM 16 Go, SSD 256 Go, Mac OS Sequoia, AZERTY",1399.0,apple,Apple M4,16,256
"Apple MacBook Air M4 13"" (2025) Lumière stellaire 16Go/512 Go (MW103FN/A)","MacBook 13.6"", Apple M4 (CPU 10 coeurs / GPU 10 coeurs), RAM 16 Go, SSD 512 Go, Mac OS Sequoia, AZERTY",999.0,apple,Apple M4,16,512
"Apple MacBook Air M4 13"" (2025) Lumière stellaire 24Go/512 Go (MC6A4FN/A)","MacBook 13.6"", Apple M4 (CPU 10 coeurs / GPU 10 coeurs), RAM 24 Go, SSD 512 Go, Mac OS Sequoia, AZERTY",1249.0,apple,Apple M4,24,512
"Apple MacBook Air M4 13"" (2025) Minuit 16Go/256 Go (MW123FN/A)","MacBook 13.6"", 2560 x 1664, Apple M4 (CPU 10 coeurs / GPU 8 coeurs), RAM 16 Go, SSD 256 Go, Mac OS Sequoia, AZERTY",1399.0,apple,Apple M4,16,256
"Apple MacBook Air M4 13"" (2025) Minuit 16Go/512 Go (MW133FN/A)","MacBook 13.6"", Apple M4 (CPU 10 coeurs / GPU 10 coeurs), RAM 16 Go, SSD 512 Go, Mac OS Sequoia, AZERTY",1599.0,apple,Apple M4,16,512
"Apple MacBook Air M4 13"" (2025) Minuit 24Go/512 Go (MC6C4FN/A)","MacBook 13.6"", Apple M4 (CPU 10 coeurs / GPU 10 coeurs), RAM 24 Go, SSD 512 Go, Mac OS Sequoia, AZERTY",1249.0,apple,Apple M4,24,512
"Apple MacBook Air M4 15"" (2025) Argent 16Go/256 Go (MW1G3FN/A)","MacBook 15.3"", 2880 x 1864, Apple M4 (CPU 10 coeurs / GPU 10 coeurs), RAM 16 Go, SSD 256 Go, Mac OS Sequoia, AZERTY",1399.0,apple,Apple M4,16,256
"Apple MacBook Air M4 15"" (2025) Argent 16Go/512 Go (MW1H3FN/A)","MacBook 15.3"", Apple M4 (CPU 10 coeurs / GPU 10 coeurs), RAM 16 Go, SSD 512 Go, Mac OS Sequoia, AZERTY",1249.0,apple,Apple M4,16,512
"Apple MacBook Air M4 15"" (2025) Bleu ciel 16Go/256 Go (MC7A4FN/A)","MacBook 15.3"", Apple M4 (CPU 10 coeurs / GPU 10 coeurs), RAM 16 Go, SSD 256 Go, Mac OS Sequoia, AZERTY",1399.0,apple,Apple M4,16,256
"Apple MacBook Air M4 15"" (2025) Bleu ciel 16Go/512 Go (MC7C4FN/A)","MacBook 15.3"", Apple M4 (CPU 10 coeurs / GPU 10 coeurs), RAM 16 Go, SSD 512 Go, Mac OS Sequoia, AZERTY",1249.0,apple,Apple M4,16,512
"Apple MacBook Air M4 15"" (2025) Lumière stellaire 16Go/256 Go (MW1J3FN/A)","MacBook 15.3"", Apple M4 (CPU10 coeurs / GPU 10 coeurs), RAM 16 Go, SSD 256 Go, Mac OS Sequoia, AZERTY",1399.0,apple,Apple M4,16,256
"Apple MacBook Air M4 15"" (2025) Lumière stellaire 24Go/1 To (MC6K4FN/A-1TB-70W)","MacBook 15.3"", Apple M4 (CPU 10 coeurs / GPU 10 coeurs), RAM 24 Go, SSD 1 To, Mac OS Sequoia, AZERTY",1099.0,apple,Apple M4,24,1024
"Apple MacBook Air M4 15"" (2025) Lumière stellaire 24Go/512 Go (MC6K4FN/A)","MacBook 15.3"", Apple M4 (CPU 10 coeurs / GPU 10 coeurs), RAM 24 Go, SSD 512 Go, Mac OS Sequoia, AZERTY",1349.0,apple,Apple M4,24,512
"Apple MacBook Air M4 15"" (2025) Minuit 16Go/256 Go (MW1L3FN/A)","MacBook 15.3"", Apple M4 (CPU 10 coeurs / GPU 10 coeurs), RAM 16 Go, SSD 256 Go, Mac OS Sequoia, AZERTY",1099.0,apple,Apple M4,16,256
"Apple MacBook Air M4 15"" (2025) Minuit 16Go/512 Go (MW1M3FN/A)","MacBook 15.3"", Apple M4 (CPU 10 coeurs / GPU 10 coeurs), RAM 16 Go, SSD 512 Go, Mac OS Sequoia, AZERTY",1349.0,apple,Apple M4,16,512
"Apple MacBook Air M4 15"" (2025) Minuit 24Go/512 Go (MC6L4FN/A)","MacBook 15.3"", Apple M4 (CPU 10 coeurs / GPU 10 coeurs), RAM 24 Go, SSD 512 Go, Mac OS Sequoia, AZERTY",1599.0,apple,Apple M4,24,512
"Apple MacBook Pro M4 14"" Argent 32 Go/1 To (MW2W3FN/A-32GB-1TB)","PC portable, 14"", Apple M4 10 coeurs (GPU 10 coeurs), RAM 32 Go, SSD 1 To, Mac OS Sequoia, 1,55 kg, Clavier AZERTY Français",1099.0,apple,Apple M4,32,1024
"Apple MacBook Pro M4 14"" Noir sidéral 16 Go/1 To (MW2V3FN/A)","MacBook 14"", Apple M4 (CPU 10 coeurs / GPU 10 coeurs), RAM 16 Go, SSD 1 To, Mac OS Sequoia, AZERTY",1349.0,apple,Apple M4,16,1024
"Apple MacBook Pro M4 Max 14"" Noir sidéral 36 Go/1 To (MX2K3FN/A)","MacBook 14"", Apple M4 Max (CPU 14 coeurs / GPU 32 coeurs), RAM 36 Go, SSD 1 To, Mac OS Sequoia, AZERTY",1599.0,apple,Apple M4,36,1024
"Apple MacBook Pro M4 Pro 14"" Argent 24 Go/1 To (MX2F3FN/A)","PC portable, 14"", Apple M4 Pro 14 coeurs (GPU 20 coeurs), RAM 24 Go, SSD 1 To, Mac OS Sequoia, 1,55 kg, Clavier AZERTY Français",1099.0,apple,Apple M4,24,1024
"Apple MacBook Pro M4 Pro 14"" Argent 24 Go/512 Go (MX2E3FN/A)","MacBook 14"", Apple M4 Pro (CPU 12 coeurs / GPU 16 coeurs), RAM 24 Go, SSD 512 Go, Mac OS Sequoia, AZERTY",1349.0,apple,Apple M4,24,512
"Apple MacBook Pro M4 Pro 14"" Noir sidéral 24 Go/1 To (MX2J3FN/A)","MacBook 14"", Apple M4 Pro (CPU 14 coeurs / GPU 20 coeurs), RAM 24 Go, SSD 1 To, Mac OS Sequoia, AZERTY",1599.0,apple,Apple M4,24,1024
"Apple MacBook Pro M4 Pro 14"" Noir sidéral 24 Go/512 Go (MX2H3FN/A)","MacBook 14"", Apple M4 Pro (CPU 12 coeurs / GPU 16 coeurs), RAM 24 Go, SSD 512 Go, Mac OS Sequoia, AZERTY",1399.0,apple,Apple M4,24,512
"Apple MacBook Pro M4 Pro 16"" Noir sidéral 24 Go/512 Go (MX2X3FN/A)","MacBook 16"", Apple M4 Pro (CPU 14 coeurs / GPU 20 coeurs), RAM 24 Go, SSD 512 Go, Mac OS Sequoia, AZERTY",1649.0,apple,Apple M4,24,512
"Apple MacBook Pro M4 Pro 16"" Noir sidéral 24 Go/512 Go (MX2X3FN/A-NANO)","MacBook 16"", Apple M4 Pro (CPU 14 coeurs / GPU 20 coeurs), RAM 24 Go, SSD 512 Go, Mac OS Sequoia, AZERTY",1399.0,apple,Apple M4,24,512
"Apple MacBook Pro M4 Pro 16"" Noir sidéral 48 Go/512 Go (MX2Y3FN/A)","MacBook 16"", Apple M4 Pro (CPU 14 coeurs / GPU 20 coeurs), RAM 48 Go, SSD 512 Go, Mac OS Sequoia, AZERTY",1649.0,apple,Apple M4,48,512
"Apple MacBook Pro M5 14"" Argent 16 Go/1 To (MDE54FN/A)","MacBook 14"", Apple M5 (CPU 10 coeurs / GPU 10 coeurs), RAM 16 Go, SSD 1 To, Mac OS Tahoe, AZERTY",1399.0,apple,Apple M5,16,1024
"Apple MacBook Pro M5 14"" Noir sidéral 16 Go/1 To (MDE14FN/A)","MacBook 14"", Apple M5 (CPU 10 coeurs / GPU 10 coeurs), RAM 16 Go, SSD 1 To, Mac OS Tahoe, AZERTY",649.95,apple,Apple M5,16,1024
"Apple MacBook Pro M5 14"" Noir sidéral 16 Go/512 Go (MDE04FN/A)","MacBook 14"", Apple M5 (CPU 10 coeurs / GPU 10 coeurs), RAM 16 Go, SSD 512 Go, Mac OS Tahoe, AZERTY",1049.95,apple,Apple M5,16,512
"Apple MacBook Pro M4 Max 16"" Argent 36 Go/1 To (MX2V3FN/A)","MacBook 16"", Apple M4 Max (CPU 14 coeurs / GPU 32 coeurs), RAM 36 Go, SSD 1 To, Mac OS Sequoia, AZERTY",1199.95,apple,Apple M4,36,1024
"Apple MacBook Air M4 13"" (2025) Bleu ciel 16Go/256 Go (MC6T4FN/A-GPU10-24GB)","MacBook 13.6"", Apple M4 (CPU 10 coeurs / GPU 10 coeurs), RAM 24 Go, SSD 256 Go, Mac OS Sequoia, AZERTY",2049.0,apple,Apple M4,24,256
"Apple MacBook Air M4 13"" (2025) Bleu ciel 16Go/256 Go (MC6T4FN/A-GPU10-24GB-70W)","MacBook 13.6"", Apple M4 (CPU 10 coeurs / GPU 10 coeurs), RAM 24 Go, SSD 256 Go, Mac OS Sequoia, AZERTY",1799.0,apple,Apple M4,24,256
"Apple MacBook Air M4 13"" (2025) Bleu ciel 16Go/512 Go (MC6T4FN/A-GPU10-512GB-70W)","MacBook 13.6"", Apple M4 (CPU 10 coeurs / GPU 10 coeurs), RAM 16 Go, SSD 512 Go, Mac OS Sequoia, AZERTY",4099.0,apple,Apple M4,16,512
"Apple MacBook Air M4 13"" (2025) Bleu ciel 24Go/1To (MC6V4FN/A-1TB)","MacBook 13.6"", Apple M4 (CPU 10 coeurs / GPU 10 coeurs), RAM 24 Go, SSD 1 To, Mac OS Sequoia, AZERTY",1799.0,apple,Apple M4,24,1024
"Apple MacBook Air M4 13"" (2025) Bleu ciel 24Go/2 To (MC6V4FN/A-2TB-70W)","MacBook 13.6"", Apple M4 (CPU 10 coeurs / GPU 10 coeurs), RAM 24 Go, SSD 2 To, Mac OS Sequoia, AZERTY",2299.0,apple,Apple M4,24,2048
"Apple MacBook Air M4 13"" (2025) Bleu ciel 24Go/512 Go (MC6U4FN/A-24GB)","MacBook 13.6"", Apple M4 (CPU 10 coeurs / GPU 10 coeurs), RAM 24 Go, SSD 512 Go, Mac OS Sequoia, AZERTY",2299.0,apple,Apple M4,24,512
"Apple MacBook Air M4 13"" (2025) Bleu ciel 32Go/1 To (MC6V4FN/A-32GB-1TB-70W)","MacBook 13.6"", Apple M4 (CPU 10 coeurs / GPU 10 coeurs), RAM 32 Go, SSD 1 To, Mac OS Sequoia, AZERTY",1224.0,apple,Apple M4,32,1024
"Apple MacBook Air M4 13"" (2025) Lumière stellaire 16Go/1To (MW103FN/A-1TB)","MacBook 13.6"", Apple M4 (CPU 10 coeurs / GPU 10 coeurs), RAM 16 Go, SSD 1 To, Mac OS Sequoia, AZERTY",1599.0,apple,Apple M4,16,1024
"Apple MacBook Air M4 13"" (2025) Lumière stellaire 24Go/1To (MC6A4FN/A-1TB)","MacBook 13.6"", Apple M4 (CPU 10 coeurs / GPU 10 coeurs), RAM 24 Go, SSD 1 To, Mac OS Sequoia, AZERTY",1599.0,apple,Apple M4,24,1024
"Apple MacBook Air M4 13"" (2025) Lumière stellaire 24Go/1To (MC6A4FN/A-1TB-70W)","MacBook 13.6"", Apple M4 (CPU 10 coeurs / GPU 10 coeurs), RAM 24 Go, SSD 1 To, Mac OS Sequoia, AZERTY",1119.0,apple,Apple M4,24,1024
"Apple MacBook Air M4 13"" (2025) Lumière stellaire 32Go/1To (MC6A4FN/A-32GB-1TB-35W)","MacBook 13.6"", Apple M4 (CPU 10 coeurs / GPU 10 coeurs), RAM 32 Go, SSD 1 To, Mac OS Sequoia, AZERTY",1349.0,apple,Apple M4,32,1024
"Apple MacBook Air M4 13"" (2025) Minuit 16Go/1To (MW133FN/A-1TB)","MacBook 13.6"",Apple M4 (CPU 10 coeurs / GPU 10 coeurs), RAM 16 Go, SSD 1 To, Mac OS Sequoia, AZERTY",1369.0,apple,Apple M4,16,1024
"Apple MacBook Air M4 13"" (2025) Minuit 16Go/1To (MW133FN/A-1TB-70W)","MacBook 13.6"", Apple M4 (CPU 10 coeurs / GPU 10 coeurs), RAM 16 Go, SSD 1 To, Mac OS Sequoia, AZERTY",1849.0,apple,Apple M4,16,1024
"Apple MacBook Air M4 13"" (2025) Minuit 16Go/256 Go (MW123FN/A-GPU10)","MacBook 13.6"", Apple M4 (CPU 10 coeurs / GPU 10 coeurs), RAM 16 Go, SSD 256 Go, Mac OS Sequoia, AZERTY",1349.0,apple,Apple M4,16,256
"Apple MacBook Air M4 13"" (2025) Minuit 16Go/2To (MW133FN/A-2TB-70W)","MacBook 13.6"", 2560 x 1664, Apple M4 (CPU 10 coeurs / GPU 10 coeurs), RAM 16 Go, SSD 2 To, Mac OS Sequoia, AZERTY",2099.0,apple,Apple M4,16,2048
"Apple MacBook Air M4 13"" (2025) Minuit 16Go/512 Go (MW133FN/A-70W)","MacBook 13.6"", Apple M4 (CPU 10 coeurs / GPU 10 coeurs), RAM 16 Go, SSD 512 Go, Mac OS Sequoia, AZERTY",1599.0,apple,Apple M4,16,512
"Apple MacBook Air M4 13"" (2025) Minuit 24 Go/256 Go (MW123FN/A-GPU10-24GB)","MacBook 13.6"", Apple M4 (CPU 10 coeurs / GPU 10 coeurs), RAM 24 Go, SSD 256 Go, Mac OS Sequoia, AZERTY",1349.95,apple,Apple M4,24,256
"Apple MacBook Air M4 13"" (2025) Minuit 24Go/1To (MC6C4FN/A-1TB)","MacBook 13.6"", Apple M4 (CPU 10 coeurs / GPU 10 coeurs), RAM 24 Go, SSD 1 To, Mac OS Sequoia, AZERTY",1369.0,apple,Apple M4,24,1024
"Apple MacBook Air M4 13"" (2025) Minuit 24Go/1To (MC6C4FN/A-1TB-70W)","MacBook 13.6"", Apple M4 (CPU 10 coeurs / GPU 10 coeurs), RAM 24 Go, SSD 1 To, Mac OS Sequoia, AZERTY",1349.0,apple,Apple M4,24,1024
"Apple MacBook Air M4 13"" (2025) Minuit 32Go/1 To (MW133FN/A-32GB-1TB-70W)","MacBook 13.6"", Apple M4 (CPU 10 coeurs / GPU 10 coeurs), RAM 32 Go, SSD 1 To, Mac OS Sequoia, AZERTY",1849.0,apple,Apple M4,32,1024
"Apple MacBook Air M4 13"" (2025) Minuit 32Go/512 Go (MC6C4FN/A-32GB)","MacBook 13.6"", Apple M4 (CPU 10 coeurs / GPU 10 coeurs), RAM 32 Go, SSD 512 Go, Mac OS Sequoia, AZERTY",2349.0,apple,Apple M4,32,512
Apple MacBook Air M4 15 pouces (2025) Argent 24Go/1 To (MC6J4FN/A-1TB),"MacBook 15.3"", Apple M4 (CPU 10 coeurs / GPU 10 coeurs), RAM 24 Go, SSD 1 To, Mac OS Sequoia, AZERTY",1599.0,apple,Apple M4,24,1024
Apple MacBook Air M4 15 pouces (2025) Argent 32 Go/1 To (MC6J4FN/A-32GB-1TB),"MacBook 15.3"", Apple M4 (CPU 10 coeurs / GPU 10 coeurs), RAM 32 Go, SSD 1 To, Mac OS Sequoia, AZERTY",2099.0,apple,Apple M4,32,1024
"Apple MacBook Air M4 15"" (2025) Argent 16Go / 2 To (MW1G3FN/A-2TB)","MacBook 15.3"", Apple M4 (CPU 10 coeurs / GPU 10 coeurs), RAM 16 Go, SSD 2 To, Mac OS Sequoia, AZERTY",1599.0,apple,Apple M4,16,2048
"Apple MacBook Air M4 15"" (2025) Argent 16Go/1 To (MW1G3FN/A-1TB)","MacBook 15.3"", Apple M4 (CPU10 coeurs / GPU 10 coeurs), RAM 16 Go, SSD 1 To, Mac OS Sequoia, AZERTY",1849.0,apple,Apple M4,16,1024
"Apple MacBook Air M4 15"" (2025) Argent 16Go/1 To (MW1H3FN/A-1TB)","MacBook 15.3"", Apple M4 (CPU 10 coeurs / GPU 10 coeurs), RAM 16 Go, SSD 1 To, AZERTY",1849.0,apple,Apple M4,16,1024
"Apple MacBook Air M4 15"" (2025) Argent 24 Go/512 Go (MC6J4FN/A-70W)","MacBook 15.3"", Apple M4 (CPU 10 coeurs / GPU 10 coeurs), RAM 24 Go, SSD 512 Go, Mac OS Sequoia, AZERTY",2099.0,apple,Apple M4,24,512
"Apple MacBook Air M4 15"" (2025) Argent 24Go/2 To (MC6J4FN/A-2TB)","MacBook 15.3"", Apple M4 (CPU 10 coeurs / GPU 10 coeurs), RAM 24 Go, SSD 2 To, Mac OS Sequoia, AZERTY",1599.0,apple,Apple M4,24,2048
"Apple MacBook Air M4 15"" (2025) Argent 24Go/512 Go (MC6J4FN/A)","MacBook 15.3"",Apple M4 (CPU 10 coeurs / GPU 10 coeurs), RAM 24 Go, SSD 512 Go, Mac OS Sequoia, AZERTY",1599.0,apple,Apple M4,24,512
"Apple MacBook Air M4 15"" (2025) Argent 32 Go/2 To (MC6J4FN/A-32GB-2TB-70W)","MacBook 15.3"", Apple M4 (CPU 10 coeurs / GPU 10 coeurs), RAM 32 Go, SSD 2 To, Mac OS Sequoia, AZERTY",1135.0,apple,Apple M4,32,2048
"Apple MacBook Air M4 15"" (2025) Bleu ciel 16Go/1 To (MC7C4FN/A-1TB)","MacBook 15.3"", Apple M4 (CPU 10 coeurs / GPU 10 coeurs), RAM 16 Go, SSD 1 To, Mac OS Sequoia, AZERTY",2099.0,apple,Apple M4,16,1024
"Apple MacBook Air M4 15"" (2025) Bleu ciel 16Go/2 To (MC7C4FN/A-2TB-70W)","MacBook 15.3"", Apple M4 (CPU 10 coeurs / GPU 10 coeurs), RAM 16 Go, SSD 2 To, Mac OS Sequoia, AZERTY",1349.0,apple,Apple M4,16,2048
"Apple MacBook Air M4 15"" (2025) Bleu ciel 24Go/1 To (MC7D4FN/A-1TB)","MacBook 15.3"", Apple M4 (CPU 10 coeurs / GPU 10 coeurs), RAM 24 Go, SSD 1 To, Mac OS Sequoia, AZERTY",649.95,apple,Apple M4,24,1024
"Apple MacBook Air M4 15"" (2025) Bleu ciel 24Go/2 To (MC7D4FN/A-2TB-70W)","MacBook 15.3"", Apple M4 (CPU 10 coeurs / GPU 10 coeurs), RAM 24 Go, SSD 2 To, Mac OS Sequoia, AZERTY",1049.95,apple,Apple M4,24,2048
"Apple MacBook Air M4 15"" (2025) Bleu ciel 24Go/512 Go (MC7D4FN/A)","MacBook 15.3"", Apple M4 (CPU 10 coeurs / GPU 10 coeurs), RAM 24 Go, SSD 512 Go, Mac OS Sequoia, AZERTY",1199.95,apple,Apple M4,24,512
"Apple MacBook Air M4 15"" (2025) Minuit 24Go/512 Go (MC6L4FN/A-70W)","MacBook 15.3"", Apple M4 (CPU 10 coeurs / GPU 10 coeurs), RAM 24 Go, SSD 512 Go, Mac OS Sequoia, AZERTY",2149.0,apple,Apple M4,24,512
"Apple MacBook Air M4 15"" (2025) Minuit 32 Go/2 To (MC6L4FN/A-32GB-2TB-70W)","MacBook 15.3"", Apple M4 (CPU 10 coeurs / GPU 10 coeurs), RAM 32 Go, SSD 2 To, Mac OS Sequoia, AZERTY",2649.0,apple,Apple M4,32,2048
"Apple MacBook Air M4 15"" (2025) Minuit 32Go/1 To (MC6L4FN/A-32GB-1TB)","MacBook 15.3"", Apple M4 (CPU 10 coeurs / GPU 10 coeurs), RAM 32 Go, SSD 1 To, Mac OS Sequoia, AZERTY",1899.0,apple,Apple M4,32,1024
"Apple MacBook Air M4 15"" (2025) Minuit 32Go/2 To (MC6L4FN/A-32GB-2TB)","MacBook 15.3"", Apple M4 (CPU 10 coeurs / GPU 10 coeurs), RAM 32 Go, SSD 2 To, Mac OS Sequoia, AZERTY",2399.0,apple,Apple M4,32,2048
"Apple MacBook Pro M4 Max 14"" Argent 64 Go/1 To (MX2G3FN/A-64GB-2TB-CPU16/GPU40-NANO)","MacBook 14"", Apple M4 Max (CPU 16 coeurs / GPU 40 coeurs), RAM 64 Go, SSD 2 To, Mac OS Sequoia, AZERTY",2149.0,apple,Apple M4,64,2048
"Apple MacBook Pro M4 Max 14"" Argent 64 Go/1 To (MX2G3FN/A-64GB-CPU16/GPU40)","MacBook 14"", Apple M4 Max (CPU 16 coeurs / GPU 40 coeurs), RAM 64 Go, SSD 1 To, Mac OS Sequoia, AZERTY",2899.0,apple,Apple M4,64,1024
"Apple MacBook Pro M4 Max 14"" Noir sidéral 128 Go/8 To (MX2K3FN/A-CPU16-GPU40-128GB-8TB)","MacBook 14"", Apple M4 Max (CPU 16 coeurs / GPU 40 coeurs), RAM 128 Go, SSD 8 To, Mac OS Sequoia, AZERTY",1899.0,apple,Apple M4,128,8192
"Apple MacBook Pro M4 Max 14"" Noir sidéral 128 Go/8 To (MX2K3FN/A-CPU16-GPU40-128GB-8TB-NANO)","MacBook 14"", Apple M4 Max (CPU 16 coeurs / GPU 40 coeurs), RAM 128 Go, SSD 8 To, Mac OS Sequoia, AZERTY",1899.0,apple,Apple M4,128,8192
"Apple MacBook Pro M4 Max 14"" Noir sidéral 36 Go/2 To (MX2K3FN/A-2TB)","MacBook 14"", Apple M4 Max (CPU 14 coeurs / GPU 32 coeurs), RAM 36 Go, SSD 2 To, Mac OS Sequoia, AZERTY",1649.0,apple,Apple M4,36,2048
"Apple MacBook Pro M4 Max 14"" Noir sidéral 48 Go/1 To (MX2K3FN/A-CPU16-GPU40-48GB)","MacBook 14"", Apple M4 Max (CPU 16 coeurs / GPU 40 coeurs), RAM 48 Go, SSD 1 To, Mac OS Sequoia, AZERTY",1649.0,apple,Apple M4,48,1024
"Apple MacBook Pro M4 Max 14"" Noir sidéral 64 Go/1 To (MX2K3FN/A-CPU16-GPU40-64GB)","MacBook 14"", Apple M4 Max (CPU 16 coeurs / GPU 40 coeurs), RAM 64 Go, SSD 1 To, Mac OS Sequoia, AZERTY",2149.0,apple,Apple M4,64,1024
"Apple MacBook Pro M4 Max 14"" Noir sidéral 64 Go/2 To (MX2K3FN/A-CPU16-GPU40-64GB-2TB)","MacBook 14"", Apple M4 Max (CPU 16 coeurs / GPU 40 coeurs), RAM 64 Go, SSD 2 To, Mac OS Sequoia, AZERTY",2899.0,apple,Apple M4,64,2048
"Apple MacBook Pro M4 Max 14"" Noir sidéral 64 Go/8 To (MX2K3FN/A-CPU16-GPU40-64GB-8TB)","MacBook 14"", Apple M4 Max (CPU 16 coeurs / GPU 40 coeurs), RAM 64 Go, SSD 8 To, Mac OS Sequoia, AZERTY",2649.0,apple,Apple M4,64,8192
"Apple MacBook Pro M4 Max 16"" Argent 128 Go/1 To (MX2W3FN/A-128GB)","MacBook 16"", Apple M4 Max (CPU 16 coeurs / GPU 40 coeurs), RAM 128 Go, SSD 1 To, Mac OS Sequoia, AZERTY",2149.0,apple,Apple M4,128,1024
"Apple MacBook Pro M4 Max 16"" Argent 128 Go/4 To (MX2W3FN/A-128GB-4TB)","MacBook 16"", Apple M4 Max (CPU 16 coeurs / GPU 40 coeurs), RAM 128 Go, SSD 4 To, Mac OS Sequoia, AZERTY",1649.0,apple,Apple M4,128,4096
"Apple MacBook Pro M4 Max 16"" Argent 48 Go/2 To (MX2W3FN/A-2TB)","MacBook 16"", Apple M4 Max (CPU 16 coeurs / GPU 40 coeurs), RAM 48 Go, SSD 2 To, Mac OS Sequoia, AZERTY",1649.95,apple,Apple M4,48,2048
"Apple MacBook Pro M4 Max 16"" Argent 64 Go/1 To (MX2W3FN/A-64GB)","MacBook 16"", Apple M4 Max (CPU 16 coeurs / GPU 40 coeurs), RAM 64 Go, SSD 1 To, Mac OS Sequoia, AZERTY",1899.95,apple,Apple M4,64,1024
"Apple MacBook Pro M4 Max 16"" Argent 64 Go/2 To (MX2W3FN/A-64GB-2TB)","MacBook 16"", Apple M4 Max (CPU 16 coeurs / GPU 40 coeurs), RAM 64 Go, SSD 2 To, Mac OS Sequoia, AZERTY",2899.0,apple,Apple M4,64,2048
"Apple MacBook Pro M4 Max 16"" Noir sidéral 128 Go/1 To (MX313FN/A-128GB)","MacBook 16"", Apple M4 Max (CPU 16 coeurs / GPU 40 coeurs), RAM 128 Go, SSD 1 To, Mac OS Sequoia, AZERTY",2399.0,apple,Apple M4,128,1024
"Apple MacBook Pro M4 Max 16"" Noir sidéral 128 Go/2 To (MX303FN/A-128GB-2TB)","MacBook 16"", Apple M4 Max (CPU 16 coeurs / GPU 40 coeurs), RAM 128 Go, SSD 2 To, Mac OS Sequoia, AZERTY",2899.0,apple,Apple M4,128,2048
"Apple MacBook Pro M4 Max 16"" Noir sidéral 36 Go/1 To (MX303FN/A)","MacBook 16"", Apple M4 Max (CPU 14 coeurs / GPU 32 coeurs), RAM 36 Go, SSD 1 To, Mac OS Sequoia, AZERTY",5364.0,apple,Apple M4,36,1024
"Apple MacBook Pro M4 Max 16"" Noir sidéral 36 Go/2 To (MX303FN/A-2TB-VNT)","MacBook 16"", Apple M4 Max (CPU 14 coeurs / GPU 32 coeurs), RAM 36 Go, SSD 2 To, Mac OS Sequoia, AZERTY",4679.0,apple,Apple M4,36,2048
"Apple MacBook Pro M4 Max 16"" Noir sidéral 36 Go/4 To (MX303FN/A-4TB)","MacBook 16"", Apple M4 Max (CPU 14 coeurs / GPU 32 coeurs), RAM 36 Go, SSD 4 To, Mac OS Sequoia, AZERTY",8424.0,apple,Apple M4,36,4096
"Apple MacBook Pro M4 Max 16"" Noir sidéral 48 Go/2 To (MX313FN/A-2TB)","MacBook 16"", Apple M4 Max (CPU 16 coeurs / GPU 40 coeurs), RAM 48 Go, SSD 2 To, Mac OS Sequoia, AZERTY",8614.0,apple,Apple M4,48,2048
"Apple MacBook Pro M4 Max 16"" Noir sidéral 64 Go/1 To (MX313FN/A-64GB)","MacBook 16"", Apple M4 Max (CPU 16 coeurs / GPU 40 coeurs), RAM 64 Go, SSD 1 To, Mac OS Sequoia, AZERTY",4299.0,apple,Apple M4,64,1024
"Apple MacBook Pro M4 Max 16"" Noir sidéral 64 Go/1 To (MX313FN/A-64GB-NANO)","MacBook 16"", Apple M4 Max (CPU 16 coeurs / GPU 40 coeurs), RAM 64 Go, SSD 1 To, Mac OS Sequoia, AZERTY",4424.0,apple,Apple M4,64,1024
"Apple MacBook Pro M4 Max 16"" Noir sidéral 64 Go/2 To (MX303FN/A-64GB-2TB-CPU16/GPU40)","MacBook 16"", Apple M4 Max (CPU 16 coeurs / GPU 40 coeurs), RAM 64 Go, SSD 2 To, Mac OS Sequoia, AZERTY",4675.0,apple,Apple M4,64,2048
"Apple MacBook Pro M4 Max 16"" Noir sidéral 64 Go/2 To (MX303FN/A-64GB-2TB-CPU16/GPU40-NANO)","MacBook 16"", Apple M4 Max (CPU 16 coeurs / GPU 40 coeurs), RAM 64 Go, SSD 2 To, Mac OS Sequoia, AZERTY",5169.0,apple,Apple M4,64,2048
"Apple MacBook Pro M4 Max 16"" Noir sidéral 64 Go/2 To (MX313FN/A-64GB-2TB)","MacBook 16"", Apple M4 Max (CPU 16 coeurs / GPU 40 coeurs), RAM 64 Go, SSD 2 To, Mac OS Sequoia, AZERTY",7424.0,apple,Apple M4,64,2048
"Apple MacBook Pro M4 Pro 14"" Argent 24 Go/1 To (MX2E3FN/A-1TB)","MacBook 14"", Apple M4 Pro (CPU 12 coeurs / GPU 16 coeurs), RAM 24 Go, SSD 1 To, Mac OS Sequoia, AZERTY",5949.0,apple,Apple M4,24,1024
"Apple MacBook Pro M4 Pro 14"" Argent 48 Go/1 To (MX2F3FN/A-48GB-NANO)","MacBook 14"", Liquid Retina XDR verre nano-texturé, Apple M4 Pro (CPU 14 coeurs / GPU 20 coeurs), RAM 48 Go, SSD 1 To, Mac OS Sequoia, AZERTY",7199.0,apple,Apple M4,48,1024
"Apple MacBook Pro M4 Pro 14"" Argent 48 Go/512 Go (MX2E3FN/A-48GB)","MacBook 14"", Apple M4 Pro (CPU 12 coeurs / GPU 16 coeurs), RAM 48 Go, SSD 512 Go, Mac OS Sequoia, AZERTY",5199.0,apple,Apple M4,48,512
"Apple MacBook Pro M4 Pro 14"" Noir sidéral 24 Go/1 Go (MX2H3FN/A-1TB)","MacBook 14"", Apple M4 Pro (CPU 12 coeurs / GPU 16 coeurs), RAM 24 Go, SSD 1 To, Mac OS Sequoia, AZERTY",649.95,apple,Apple M4,24,1024
"Apple MacBook Pro M4 Pro 14"" Noir sidéral 24 Go/2 To (MX2H3FN/A-2TB)","MacBook 14"", Apple M4 Pro (CPU 12 coeurs / GPU 16 coeurs), RAM 24 Go, SSD 2 To, Mac OS Sequoia, AZERTY",1049.95,apple,Apple M4,24,2048
"Apple MacBook Pro M4 Pro 14"" Noir sidéral 24 Go/512 Go (MX2H3FN/A-CPU14/GPU20)","MacBook 14"", Apple M4 Pro (CPU 14 coeurs / GPU 20 coeurs), RAM 24 Go, SSD 512 Go, Mac OS Sequoia, AZERTY",1199.95,apple,Apple M4,24,512
"Apple MacBook Pro M4 Pro 16"" Argent 48 Go/2 To (MX2U3FN/A-2TB)","MacBook 16"", Apple M4 Pro (CPU 14 coeurs / GPU 20 coeurs), RAM 48 Go, SSD 2 To, Mac OS Sequoia, AZERTY",2549.0,apple,Apple M4,48,2048
"Apple MacBook Pro M4 Pro 16"" Noir sidéral 24 Go/1 To (MX2X3FN/A-1TB)","MacBook 16"", Apple M4 Pro (CPU 14 coeurs / GPU 20 coeurs), RAM 24 Go, SSD 1 To, Mac OS Sequoia, AZERTY",3049.0,apple,Apple M4,24,1024
"Apple MacBook Pro M4 Pro 16"" Noir sidéral 24 Go/1 To (MX2X3FN/A-1TB-NANO)","MacBook 16"", Apple M4 Pro (CPU 14 coeurs / GPU 20 coeurs), RAM 24 Go, SSD 1 To, Mac OS Sequoia, AZERTY",2549.0,apple,Apple M4,24,1024
"Apple MacBook Pro M4 Pro 16"" Noir sidéral 24 Go/2 To (MX2X3FN/A-2TB)","MacBook 16"", Apple M4 Pro (CPU 14 coeurs / GPU 20 coeurs), RAM 24 Go, SSD 2 To, Mac OS Sequoia, AZERTY",2989.0,apple,Apple M4,24,2048
"Apple MacBook Pro M4 Pro 16"" Noir sidéral 48 Go/1 To (MX2Y3FN/A-1TB)","MacBook 16"", Apple M4 Pro (CPU 14 coeurs / GPU 20 coeurs), RAM 48 Go, SSD 1 To, Mac OS Sequoia, AZERTY",2489.0,apple,Apple M4,48,1024
"Apple MacBook Pro M4 Pro 16"" Noir sidéral 48 Go/2 To (MX2X3FN/A-48GB-2TB-NANO)","MacBook 16"", Apple M4 Pro (CPU 14 coeurs / GPU 20 coeurs), RAM 48 Go, SSD 2 To, Mac OS Sequoia, AZERTY",3049.0,apple,Apple M4,48,2048
"Apple MacBook Pro M4 Pro 16"" Noir sidéral 48 Go/2 To (MX2Y3FN/A-2TB)","MacBook 16"", Apple M4 Pro (CPU 14 coeurs / GPU 20 coeurs), RAM 48 Go, SSD 2 To, Mac OS Sequoia, AZERTY",3069.0,apple,Apple M4,48,2048
"Apple MacBook Pro M4 Pro 16"" Noir sidéral 48 Go/512 Go (MX2Y3FN/A-NANO)","MacBook 16"", Apple M4 Pro (CPU 14 coeurs / GPU 20 coeurs), RAM 48 Go, SSD 512 Go, Mac OS Sequoia, AZERTY",3299.0,apple,Apple M4,48,512
"Apple MacBook Pro M5 14"" Argent 32 Go/1 To (MDE64FN/A-32GB)","MacBook 14"", Apple M5 (CPU 10 coeurs / GPU 10 coeurs), RAM 32 Go, SSD 1 To, Mac OS Tahoe, AZERTY",2799.0,apple,Apple M5,32,1024
"Apple MacBook Pro M5 14"" Argent 32 Go/2 To (MDE64FN/A-32GB-2TB)","MacBook 14"", Apple M5 (CPU 10 coeurs / GPU 10 coeurs), RAM 32 Go, SSD 2 To, Mac OS Tahoe, AZERTY",2849.0,apple,Apple M5,32,2048
"Apple MacBook Pro M5 14"" Argent 32 Go/512 Go (MDE44FN/A-32GB)","MacBook 14"", Apple M5 (CPU 10 coeurs / GPU 10 coeurs), RAM 32 Go, SSD 512 Go, Mac OS Tahoe, AZERTY",3049.0,apple,Apple M5,32,512
"Apple MacBook Pro M5 14"" Noir sidéral 24 Go/512 Go (MDE04FN/A-24GB)","MacBook 14"", Apple M5 (CPU 10 coeurs / GPU 10 coeurs), RAM 24 Go, SSD 512 Go, Mac OS Tahoe, AZERTY",3049.0,apple,Apple M5,24,512
"Apple MacBook Pro M5 14"" Noir sidéral 32 Go/1 To (MDE34FN/A-32GB)","MacBook 14"", Apple M5 (CPU 10 coeurs / GPU 10 coeurs), RAM 32 Go, SSD 1 To, Mac OS Tahoe, AZERTY",3549.0,apple,Apple M5,32,1024
"Apple MacBook Pro M5 14"" Noir sidéral 32 Go/2 To (MDE14FN/A-32GB-2TB)","MacBook 14"", Apple M5 (CPU 10 coeurs / GPU 10 coeurs), RAM 32 Go, SSD 2 To, Mac OS Tahoe, AZERTY",4299.0,apple,Apple M5,32,2048
"Apple MacBook Pro M5 14"" Noir sidéral 32 Go/512 Go (MDE04FN/A-32GB)","MacBook 14"", Apple M5 (CPU 10 coeurs / GPU 10 coeurs), RAM 32 Go, SSD 512 Go, Mac OS Tahoe, AZERTY",2989.0,apple,Apple M5,32,512
"Apple MacBook Pro M5 14"" Noir sidéral 32 Go/512 Go (MDE44FN/A-32GB-NANO)","MacBook 14"" verre nano-texturé, Apple M5 (CPU 10 coeurs / GPU 10 coeurs), RAM 32 Go, SSD 512 Go, Mac OS Tahoe, AZERTY",3549.0,apple,Apple M5,32,512
"Apple MacBook Air M4 13"" (2025) Argent 24Go/1To (MC654FN/A-1TB)","MacBook 13.6"", Apple M4 (10 coeurs / GPU 10 coeurs), RAM 24 Go, SSD 1 To, Mac OS Sequoia, AZERTY",4049.0,apple,Apple M4,24,1024
"Apple MacBook Air M4 13"" (2025) Argent 24Go/512 Go (MC654FN/A)","MacBook 13.6"", Apple M4 (CPU 10 coeurs / GPU 10 coeurs), RAM 24 Go, SSD 512 Go, Mac OS Sequoia, AZERTY",3049.0,apple,Apple M4,24,512
"Apple MacBook Air M4 13"" (2025) Argent 32Go/1To (MC654FN/A-32GB-1TB-70W)","MacBook 13.6"", Apple M4 (CPU 10 coeurs / GPU 10 coeurs), RAM 32 Go, SSD 1 To, Mac OS Sequoia, AZERTY",3239.0,apple,Apple M4,32,1024
"Apple MacBook Pro M4 14"" Argent 24 Go/1 To (MW2X3FN/A-24GB)","MacBook 14"", Apple M4 (CPU 10 coeurs / GPU 10 coeurs), RAM 24 Go, SSD 1 To, Mac OS Sequoia, AZERTY",3549.0,apple,Apple M4,24,1024
"Apple MacBook Pro M4 Pro 14"" Noir sidéral 48 Go/1 To (MX2J3FN/A-48GB)","MacBook 14"", Apple M4 Pro (CPU 14 coeurs / GPU 20 coeurs), RAM 48 Go, SSD 1 To, Mac OS Sequoia, AZERTY",3549.0,apple,Apple M4,48,1024
"Apple MacBook Pro M4 Pro 14"" Noir sidéral 48 Go/1 To (MX2J3FN/A-48GB-NANO)","MacBook 14"", Liquid Retina XDR verre nano-texturé, Apple M4 Pro (CPU 14 coeurs / GPU 20 coeurs), RAM 48 Go, SSD 1 To, Mac OS Sequoia, AZERTY",4238.99,apple,Apple M4,48,1024
"Apple MacBook Pro M4 Pro 14"" Noir sidéral 48 Go/2 To (MX2J3FN/A-48GB-2TB)","MacBook 14"", Apple M4 Pro (CPU 14 coeurs / GPU 20 coeurs), RAM 48 Go, SSD 2 To, Mac OS Sequoia, AZERTY",4049.0,apple,Apple M4,48,2048
"Apple MacBook Pro M4 Pro 14"" Noir sidéral 48 Go/4 To (MX2J3FN/A-48GB-4TB)","MacBook 14"", Apple M4 Pro (CPU 14 coeurs / GPU 20 coeurs), RAM 48 Go, SSD 4 To, Mac OS Sequoia, AZERTY",3489.0,apple,Apple M4,48,4096
Aorus Master 16 BXHC4FRE64SP,"PC portable gamer 16"", Intel Core Ultra 9 275HX, RTX 5070 Ti, RAM 32 Go, SSD 1 To, dalle OLED WQXGA 240 Hz, Windows 11 Pro, AZERTY",2548.99,aorus,Intel Core Ultra 9,32,1024
Aorus Master 16 BYHC5FRE65SP,"PC portable gamer 16"", Intel Core Ultra 9 275HX, RTX 5080, RAM 32 Go, SSD 2 To, dalle OLED WQXGA 240 Hz, Windows 11 Pro, AZERTY",3048.98,aorus,Intel Core Ultra 9,32,2048
Aorus Master 16 BZHC6FRE65SP,"PC portable gamer 16"", Intel Core Ultra 9 275HX, RTX 5090, RAM 32 Go, SSD 2 To, dalle OLED WQXGA 240 Hz, Windows 11 Pro, AZERTY",2299.95,aorus,Intel Core Ultra 9,32,2048
Aorus Master 18 BZHC6FRD45SP,"PC portable gamer 18"", Intel Core Ultra 9 275HX, RTX 5090, RAM 64 Go, SSD 2 To, dalle Mini-LED WQXGA 240 Hz, Windows 11 Pro, AZERTY",2049.0,aorus,Intel Core Ultra 9,64,2048
Gigabyte AERO X16 1VH93FRC64AH Copilot+ PC,"PC portable gamer 16"", AMD Ryzen AI 7 350, RTX 5060, RAM 32 Go, SSD 1 To, dalle IPS WQXGA 165 Hz, Windows 11, AZERTY",2548.99,gigabyte,AMD Ryzen AI 7,32,1024
GIGABYTE AERO X16 1VH93FRC94AH Copilot+ PC,"PC portable gamer 16"", AMD Ryzen AI 7 350, RTX 5060, RAM 16 Go, SSD 1 To, dalle IPS WQXGA 165 Hz, Windows 11, AZERTY",3048.98,gigabyte,AMD Ryzen AI 7,16,1024
Gigabyte AERO X16 1WH93FRC64AH Copilot+ PC,"PC portable gamer 16"", AMD Ryzen AI 7 350, RTX 5070, RAM 32 Go, SSD 1 To, dalle IPS WQXGA 165 Hz, Windows 11, AZERTY",2299.95,gigabyte,AMD Ryzen AI 7,32,1024
Gigabyte AERO X16 1WH93FRC94AH Copilot+ PC,"PC portable gamer 16"", AMD Ryzen AI 7 350, RTX 5070, RAM 16 Go, SSD 1 To, dalle IPS WQXGA 165 Hz, Windows 11, AZERTY",2499.95,gigabyte,AMD Ryzen AI 7,16,1024
Gigabyte AERO X16 2WHA3FRC64D Copilot+ PC Blanc,"PC portable gamer 16"", AMD Ryzen AI 9 HX 370, RTX 5070, RAM 32 Go, SSD 1 To, dalle IPS WQXGA 165 Hz, Windows 11 Pro, AZERTY",649.95,gigabyte,AMD Ryzen AI 9,32,1024
Gigabyte Gaming A16 CTHI3FR894SH,"PC portable gamer 16"", Intel Core i7-13620H, RTX 5050, RAM 16 Go, SSD 1 To, dalle IPS Full HD+ 165 Hz, Windows 11, AZERTY",1049.95,gigabyte,Intel Core i7,16,1024
Gigabyte Gaming A16 CVHI3FR864SH,"PC portable gamer 16"", Intel Core i7-13620H, RTX 5060, RAM 32 Go, SSD 1 To, dalle IPS Full HD+ 165 Hz, Windows 11, AZERTY",1199.95,gigabyte,Intel Core i7,32,1024
HP 250R G9 (B39PMAT),"PC portable 15.6"", Intel Core i3-1315U, RAM 8 Go, SSD 256 Go, dalle TN Full HD, Windows 11 Pro, AZERTY",1999.95,hp,Intel Core i3,8,256
HP 250R G9 (B9YT6ET),"PC portable 15.6"", Intel N150, RAM 8 Go, SSD 256 Go, dalle TN Full HD, Windows 11, AZERTY",1049.95,hp,Other,8,256
HP 250R G9 (C38K7AT),"PC portable 15.6"", Intel Core 5 120U, RAM 8 Go, SSD 512 Go, dalle TN Full HD, Windows 11, AZERTY",1399.95,hp,Intel Core i5,8,512
HP 250R G9 (C38K9AT),"PC portable 15.6"", Intel Core 5 120U, RAM 16 Go, SSD 512 Go, dalle TN Full HD, Windows 11, AZERTY",1599.95,hp,Intel Core i5,16,512
HP 250R G9 (C7DW7AT),"PC portable 15.6"", Intel Core 3 100U, RAM 16 Go, SSD 512 Go, dalle TN Full HD, Windows 11, AZERTY",1949.95,hp,Intel Core i3,16,512
HP EliteBook 8 G1i 13 AI PC (AD4B4ET),"PC portable 13"", Intel Core Ultra 5 225U, RAM 16 Go, SSD 512 Go, dalle IPS Full HD+, Windows 11 Pro, AZERTY",2699.95,hp,Intel Core Ultra 5,16,512
HP EliteBook 8 G1i 16 AI PC (AD3Y8ET),"PC portable 16"", Intel Core Ultra 7 255U, RAM 32 Go, SSD 1 To, dalle Full HD+, Windows 11 Pro, AZERTY",1599.95,hp,Intel Core Ultra 7,32,1024
HP EliteBook 8 G1i 16 AI PC (AD3Z0ET),"PC portable 16"", Intel Core Ultra 5 225U, RAM 16 Go, SSD 1 To, dalle Full HD+, Windows 11 Pro, AZERTY",1899.95,hp,Intel Core Ultra 5,16,1024
HP EliteBook X G1i 14 AI PC (B66V3AT),"PC portable 14"", Intel Core Ultra 7 258V, RAM 32 Go, SSD 1 To, 5G, dalle Full HD+, Windows 11 Pro, AZERTY",1499.95,hp,Intel Core Ultra 7,32,1024
HP EliteBook X G1i 14 AI PC (B66VHAT),"PC portable 14"", Intel Core Ultra 7 258V, RAM 32 Go, SSD 1 To, dalle Full HD+, Windows 11 Pro, AZERTY",829.95,hp,Intel Core Ultra 7,32,1024
HP EliteBook X G1i 14 AI PC (B66VKAT),"PC portable 14"", Intel Core Ultra 5 228V, RAM 32 Go, SSD 512 Go, dalle Full HD+, Windows 11 Pro, AZERTY",579.95,hp,Intel Core Ultra 5,32,512
HP EliteBook X G1i 14 AI PC (B66VPAT),"PC portable 14"", Intel Core Ultra 5 228V, RAM 32 Go, SSD 512 Go, dalle Full HD+, Windows 11 Pro, AZERTY",479.95,hp,Intel Core Ultra 5,32,512
HP EliteBook X G1i 14 AI PC (B66VQAT),"PC portable 14"", Intel Core Ultra 5 228V, RAM 32 Go, SSD 512 Go, dalle Full HD+, Windows 11 Pro, AZERTY",529.95,hp,Intel Core Ultra 5,32,512
HP EliteBook X G1i 14 AI PC (B69BNET),"PC portable 14"", Intel Core Ultra 7 258V, RAM 32 Go, SSD 1 To, 5G, dalle tactile Full HD+, Windows 11 Pro, AZERTY",469.95,hp,Intel Core Ultra 7,32,1024
HP EliteBook X G1i 14 AI PC (BA0A4ET),"PC portable 14"", Intel Core Ultra 7 258V, RAM 32 Go, SSD 1 To, dalle tactile Full HD+, Windows 11 Pro, AZERTY",499.95,hp,Intel Core Ultra 7,32,1024
HP EliteBook X G1i 14 AI PC (BA0A6ET),"PC portable 14"", Intel Core Ultra 5 228V, RAM 32 Go, SSD 512 Go, dalle tactile Full HD+, Windows 11 Pro, AZERTY",579.95,hp,Intel Core Ultra 5,32,512
HP Laptop 15-fd0117nf,"PC portable 15.6"", Intel Core i5-1334U, RAM 16 Go, SSD 512 Go, dalle IPS Full HD, Windows 11, AZERTY",349.95,hp,Intel Core i5,16,512
HP Laptop 15-fd0124nf,"PC portable 15.6"", Intel Core i7-1355U, RAM 16 Go, SSD 512 Go, dalle IPS Full HD, Windows 11, AZERTY",579.95,hp,Intel Core i7,16,512
HP Laptop 15-fd0154nf,"PC portable 15.6"", Intel Core i3-1315U, RAM 16 Go, SSD 512 Go, dalle IPS Full HD, Windows 11, AZERTY",699.95,hp,Intel Core i3,16,512
HP Laptop 15-fd0169nf,"PC portable 15.6"", Intel Core i3-1315U, RAM 16 Go, SSD 512 Go, dalle IPS Full HD, Windows 11, AZERTY",649.95,hp,Intel Core i3,16,512
HP Laptop 15-fd1019nf,"PC portable 15.6"", Intel Core Ultra 5 125H, RAM 32 Go, SSD 512 Go, dalle IPS Full HD, Windows 11, AZERTY",549.95,hp,Intel Core Ultra 5,32,512
HP Laptop 17-cn3031nf,"PC portable 17"", Intel Core 5 120U, RAM 16 Go, SSD 512 Go, dalle Full HD, Windows 11, AZERTY",1449.95,hp,Intel Core i5,16,512
HP Laptop 17-cn3071nf,"PC portable 17"", Intel Core i3-N305, RAM 8 Go, SSD 512 Go, dalle Full HD, Windows 11, AZERTY",1629.95,hp,Intel Core i3,8,512
HP Laptop 17-cn4002nf,"PC portable 17"", Intel Core 3 100U, RAM 16 Go, SSD 512 Go, dalle HD+, Windows 11, AZERTY",1299.95,hp,Intel Core i3,16,512
HP Laptop 17-cp2012nf,"PC portable 17"", AMD Ryzen 5 7520U, RAM 8 Go, SSD 512 Go, dalle Full HD, Windows 11, AZERTY",2399.95,hp,AMD Ryzen 5,8,512
HP OmniBook 5 16-bf0012nf Copilot+ PC,"PC portable 16"", Qualcomm Snapdragon X Plus X1P-42-100, RAM 32 Go, SSD 512 Go, dalle OLED Full HD+, Windows 11, AZERTY",2299.95,hp,Other,32,512
HP OmniBook 5 16-bf0013nf Copilot+ PC,"PC portable 16"", Qualcomm Snapdragon X X1-26-100, RAM 16 Go, SSD 512 Go, dalle OLED Full HD+, Windows 11, AZERTY",1999.95,hp,Other,16,512
HP ProBook 4 G1i 14 AI PC (B9YR6ET),"PC portable 14"", Intel Core Ultra 7 255U, RAM 16 Go, SSD 512 Go, dalle IPS Full HD+, Windows 11 Pro, AZERTY",1699.95,hp,Intel Core Ultra 7,16,512
HP ProBook 4 G1i AI PC (B9YR8ET),"PC portable 16"", Intel Core Ultra 5 225U, RAM 16 Go, SSD 512 Go, dalle IPS Full HD+, Windows 11 Pro, AZERTY",1749.95,hp,Intel Core Ultra 5,16,512
HP ProBook 4 G1i AI PC (B9YR9ET),"PC portable 16"", Intel Core Ultra 7 255U, RAM 16 Go, SSD 512 Go, dalle IPS Full HD+, Windows 11 Pro, AZERTY",2999.95,hp,Intel Core Ultra 7,16,512
HP ProBook 4 G1iR 14 (B39VWAT),"PC portable 14"", Intel Core i5-1334U, RAM 16 Go, SSD 512 Go, dalle IPS Full HD+, Windows 11 Pro, AZERTY",2499.95,hp,Intel Core i5,16,512
